{
    "metadata":{
        "uvs":0,
        "faces":90,
        "generator":"io_three",
        "type":"Geometry",
        "materials":1,
        "version":3,
        "normals":90,
        "vertices":54
    },
    "uvs":[],
    "materials":[{
        "transparent":false,
        "colorEmissive":[0,0,0],
        "DbgName":"Material",
        "wireframe":false,
        "shading":"lambert",
        "DbgIndex":0,
        "depthTest":true,
        "opacity":1,
        "visible":true,
        "DbgColor":15658734,
        "doubleSided":false,
        "depthWrite":true,
        "blending":"NormalBlending",
        "colorDiffuse":[0.0652544,0.64,0.220975]
    }],
    "faces":[35,0,2,3,1,0,0,0,0,0,34,8,21,25,0,1,1,1,34,7,3,2,0,2,2,2,34,2,4,15,0,3,3,3,34,14,7,2,0,4,4,4,34,2,15,14,0,5,5,5,34,5,0,1,0,6,6,6,34,1,6,11,0,7,7,7,34,10,5,1,0,8,8,8,34,1,11,10,0,9,9,9,34,3,7,13,0,10,10,10,34,3,13,43,0,11,11,11,34,12,6,1,0,12,12,12,34,3,43,42,0,13,13,13,34,42,12,1,0,14,14,14,34,1,3,42,0,15,15,15,34,4,2,0,0,16,16,16,34,0,5,9,0,17,17,17,34,9,8,4,0,18,18,18,34,0,9,4,0,19,19,19,34,23,26,32,0,20,20,20,34,9,5,38,0,21,21,21,34,9,20,28,0,22,22,22,34,10,11,29,0,23,23,23,34,11,6,30,0,24,24,24,35,16,18,19,17,0,25,25,25,25,35,53,43,13,48,0,26,26,26,26,35,16,17,21,20,0,27,27,27,27,34,23,19,18,0,28,28,28,34,18,22,44,0,29,29,29,34,44,45,23,0,30,30,30,34,18,44,23,0,31,31,31,35,18,16,20,22,0,32,32,32,32,35,17,19,23,21,0,33,33,33,33,34,24,23,49,0,34,34,34,34,49,48,13,0,35,35,35,34,49,13,24,0,36,36,36,34,13,7,24,0,37,37,37,34,7,14,24,0,38,38,38,34,14,23,24,0,39,39,39,34,21,15,25,0,40,40,40,34,15,4,25,0,41,41,41,34,4,8,25,0,42,42,42,34,23,14,26,0,43,43,43,34,14,15,26,0,44,44,44,34,15,21,26,0,45,45,45,34,5,10,37,0,46,46,46,34,20,9,27,0,47,47,47,34,8,9,41,0,48,48,48,34,22,20,34,0,49,49,49,34,21,8,28,0,50,50,50,34,11,22,40,0,51,51,51,34,20,29,35,0,52,52,52,34,20,10,29,0,53,53,53,34,6,12,30,0,54,54,54,34,30,12,46,0,55,55,55,34,46,47,22,0,56,56,56,34,46,22,30,0,57,57,57,34,22,11,30,0,58,58,58,34,21,23,31,0,59,59,59,34,20,21,33,0,60,60,60,34,26,21,31,0,61,61,61,34,26,31,32,0,62,62,62,34,31,23,32,0,63,63,63,34,21,28,33,0,64,64,64,34,28,20,33,0,65,65,65,34,29,22,34,0,66,66,66,34,29,34,35,0,67,67,67,34,34,20,35,0,68,68,68,34,10,20,36,0,69,69,69,34,20,27,36,0,70,70,70,34,27,10,36,0,71,71,71,34,10,27,37,0,72,72,72,34,27,5,37,0,73,73,73,34,5,27,38,0,74,74,74,34,27,9,38,0,75,75,75,34,22,29,39,0,76,76,76,34,29,11,39,0,77,77,77,34,22,39,40,0,78,78,78,34,39,11,40,0,79,79,79,34,9,28,41,0,80,80,80,34,28,8,41,0,81,81,81,35,45,51,49,23,0,82,82,82,82,35,51,53,48,49,0,83,83,83,83,35,22,47,50,44,0,84,84,84,84,35,44,50,51,45,0,85,85,85,85,35,47,46,52,50,0,86,86,86,86,35,50,52,53,51,0,87,87,87,87,35,46,12,42,52,0,88,88,88,88,35,52,42,43,53,0,89,89,89,89],
    "normals":[-0.0150861,-0.999772,0.0150861,-0.705596,0.0768607,-0.704433,-0.0107753,0.111063,-0.993755,0.0626459,-0.282842,-0.957119,0.0227539,-0.222186,-0.974739,0.0161598,-0.180568,-0.98343,-0.0149377,-0.248038,0.968635,0.0721499,-0.140378,0.987466,-0.129531,-0.983258,0.12816,0.0363283,-0.254631,0.966356,0.993293,0.115347,0.00802654,0.999146,0.0042431,0.041097,0.990005,-0.140656,-0.0102945,0.995533,-0.0809288,0.0486358,0.968488,-0.246566,-0.0351684,0.910256,0.414002,0.00595588,-0.995611,-0.0926544,0.0131729,-0.980583,-0.194883,0.0218394,0.265297,-0.963917,-0.0219532,-0.954863,-0.296992,-0.00572315,0.931273,0.295525,-0.213061,-0.94052,-0.337099,0.0422628,0.238314,0.158055,0.95824,-0.116531,0.816783,0.565055,0.0692581,0.854609,0.514633,0.060985,0.99787,-0.0231439,0.196328,0.767627,0.610085,0.879123,0.444246,-0.172595,0.396747,0.910262,0.118383,-0.983035,0.178373,-0.0427361,-0.904025,-0.390836,-0.173162,-0.952257,-0.199537,-0.231067,0.357549,0.353018,-0.864603,0.067785,0.534326,0.842556,0.467389,0.683755,0.56038,0.101539,0.578767,0.809147,0.125158,0.842972,0.523196,0.578407,0.815683,0.0103437,0.0241589,0.778413,-0.627288,-0.284943,0.837227,-0.466753,-0.737511,0.0712157,-0.67157,-0.0624049,0.844234,-0.532329,-0.603862,0.796925,-0.0161809,0.828347,0.555481,-0.0726808,0.0467433,0.135818,-0.989631,-0.298198,0.355702,-0.88575,-0.0235659,0.410482,0.911564,-0.510738,0.0588573,-0.857719,-0.921021,0.378926,0.0901989,0.588188,0.758433,-0.280738,-0.855333,0.208701,-0.474182,0.919935,-0.323869,-0.220972,-0.822813,0.0625216,0.564863,0.187761,0.777521,0.600173,0.506925,0.86017,-0.0559904,0.4544,0.878919,-0.144988,-0.0206954,0.312498,-0.949693,0.365261,0.90713,-0.209044,-0.161028,0.910638,0.380537,-0.0654132,0.281205,0.957416,0.954946,0.145982,-0.258393,0.198517,0.858054,-0.473639,-0.840105,0.0119118,-0.542292,-0.0214287,0.317483,0.948022,0.442272,0.684792,-0.579185,0.802345,0.414131,0.429813,0.630721,0.565148,0.531789,0.887568,0.334708,0.316534,0.589106,0.197246,-0.783612,0.907722,0.393315,0.146095,0.460264,0.872082,-0.166223,0.0442488,0.59767,0.80052,0.386088,0.664856,0.639455,-0.958531,0.26241,0.111172,-0.81069,0.436111,0.390627,-0.724864,0.100822,-0.681475,-0.557488,0.775118,-0.297319,-0.725011,0.239178,0.645874,0.962747,0.119097,-0.242766,0.988368,-0.00605475,0.151963,-0.924581,-0.00478097,-0.380955,-0.893569,-0.00712095,0.448869,0.586266,0.650494,-0.482856,0.49357,0.659669,-0.566768,0.492394,0.603358,0.627301,0.353684,0.934315,-0.0442993,0.236976,0.629498,0.739983,0.677356,0.686205,-0.265164,0.529171,0.648742,-0.546911,0.4567,0.869291,-0.1891],
    "vertices":[-24.5747,0.81783,24.5994,25.1569,1.09964e-06,25.1569,-25.1569,-1.09964e-06,-25.1569,25.8099,-0.702774,-25.7881,-25.6761,5.34873,-26.7715,-25.7357,6.83008,26.1211,25.9411,5.46667,25.8768,25.1353,5.06121,-25.1366,-27.3862,4.44179,-7.61665,-25.6393,4.52422,9.87531,-7.4098,4.60806,27.5954,3.88354,6.21928,27.5954,25.5825,4.39038,6.09519,25.0029,4.92192,-6.74838,8.41593,5.23388,-25.5662,-9.32191,6.93667,-26.1704,-7.47135,14.8386,2.21292,-8.5536,13.181,-7.86535,1.46462,12.845,4.04606,2.18638,14.0244,-7.44158,-12.1356,24.5724,3.21014,-17.5779,28.2102,-14.8478,1.74274,14.8528,6.02915,4.53954,13.1917,-8.92555,14.5612,12.4483,-16.377,-17.0652,12.0694,-17.1225,-0.848079,19.2429,-24.0812,-21.2403,30.4884,9.03758,-22.7343,46.0471,2.30394,-4.80454,13.6235,15.1009,12.4544,12.7461,15.6035,-7.47013,26.526,-13.6625,-5.01793,37.3268,-17.2242,-15.6505,37.3639,-2.55326,-4.78183,20.54,7.72357,-8.71553,31.2246,7.45573,-14.5976,27.358,11.0076,-22.6193,20.8552,19.886,-28.3938,12.7289,14.019,4.80191,23.2953,22.3028,5.15056,15.1967,19.7124,-22.5277,13.913,2.2056,24.6585,1.43855,1.34407,24.8949,1.28685,-3.74837,2.07579,15.1358,-0.450873,2.76425,15.312,-4.44272,19.6497,6.95358,3.03967,7.9146,6.59764,3.17827,17.9133,4.5228,-5.57324,10.7988,6.72501,-6.25564,10.8557,12.513,1.12654,10.5162,11.7936,-3.5524,18.3447,5.6784,0.620066,17.5957,4.1253,-3.36238]
}