{
    "faces":[34,1,39,37,0,0,0,0,34,16,50,48,0,1,1,1,34,57,19,37,0,2,2,2,34,3,19,9,0,3,3,3,34,10,19,57,0,4,4,4,35,0,1,3,2,0,5,5,5,5,34,6,49,31,0,6,6,6,34,6,31,35,0,7,7,7,34,33,48,49,0,8,8,8,34,34,35,33,0,9,9,9,34,33,35,48,0,10,10,10,34,1,58,38,0,11,11,11,34,1,38,39,0,12,12,12,35,9,4,2,3,0,13,13,13,13,35,5,4,9,31,0,14,14,14,14,35,26,5,31,49,0,15,15,15,15,35,1,0,8,58,0,16,16,16,16,34,6,35,34,0,17,17,17,34,8,29,58,0,18,18,18,35,21,20,2,4,0,19,19,19,19,35,29,14,59,58,0,20,20,20,20,34,31,9,19,0,21,21,21,35,30,32,52,53,1,22,22,22,22,35,36,15,63,62,1,23,23,23,23,34,3,1,37,0,24,24,24,35,56,59,14,10,0,25,25,25,25,35,50,16,12,51,0,26,26,26,26,35,10,14,12,16,0,27,27,27,27,35,28,49,51,12,0,28,28,28,28,35,28,12,14,29,0,29,29,29,29,34,10,57,56,0,30,30,30,35,8,0,20,25,0,31,31,31,31,34,3,37,19,0,32,32,32,34,10,16,19,0,33,33,33,34,48,31,19,0,34,34,34,34,16,48,19,0,35,35,35,34,22,23,24,0,36,36,36,34,24,25,20,0,37,37,37,34,20,21,22,0,38,38,38,34,24,20,22,0,39,39,39,34,23,26,27,0,40,40,40,35,21,4,5,22,0,41,41,41,41,34,0,2,20,0,42,42,42,35,24,23,27,7,0,43,43,43,43,35,22,5,26,23,0,44,44,44,44,35,25,24,7,8,0,45,45,45,45,35,29,7,27,28,0,46,46,46,46,34,29,8,7,0,47,47,47,35,37,39,46,43,0,48,48,48,48,34,27,26,28,0,49,49,49,34,49,28,26,0,50,50,50,34,6,33,49,0,51,51,51,35,35,31,42,45,0,52,52,52,52,34,6,34,33,0,53,53,53,34,38,58,57,0,54,54,54,34,39,38,40,0,55,55,55,34,57,40,38,0,56,56,56,35,47,44,43,46,0,57,57,57,57,34,45,42,41,0,58,58,58,35,31,48,41,42,0,59,59,59,59,35,39,40,47,46,0,60,60,60,60,35,57,37,43,44,0,61,61,61,61,35,40,57,44,47,0,62,62,62,62,35,48,35,45,41,0,63,63,63,63,35,32,30,49,48,0,64,64,64,64,35,13,17,50,51,0,65,65,65,65,35,17,32,48,50,0,66,66,66,66,35,30,13,51,49,0,67,67,67,67,35,54,55,53,52,2,68,68,68,68,35,13,30,53,55,1,69,69,69,69,35,17,13,55,54,1,70,70,70,70,35,32,17,54,52,1,71,71,71,71,35,11,18,56,57,0,72,72,72,72,35,36,11,57,58,0,73,73,73,73,35,15,36,58,59,0,74,74,74,74,35,18,15,59,56,0,75,75,75,75,35,60,61,62,63,2,76,76,76,76,35,18,11,61,60,1,77,77,77,77,35,15,18,60,63,1,78,78,78,78,35,11,36,62,61,1,79,79,79,79],
    "normals":[0.70985,-0.284204,-0.64447,0.0874471,0.846623,0.52496,0.2594,0.919875,-0.294179,0.603062,0.783746,0.148521,-0.000577349,0.996482,-0.0838026,0.0888304,0.0819182,-0.992672,0.720112,-0.645506,0.254482,0.664872,-0.366735,0.650731,-0.564824,0.184163,0.8044,-0.20596,-0.124847,0.970564,-0.57905,0.18227,0.794656,-0.181639,-0.286851,-0.940598,-0.308408,-0.749235,-0.586115,0.818282,0.219969,-0.531063,0.844203,0.196889,0.498555,0.110177,0.0641327,0.991841,-0.361428,-0.00468515,-0.932388,0.628095,0.525822,-0.573592,-0.933163,-0.0294849,-0.358242,0.581319,-0.536179,-0.61203,-0.551174,-0.834082,0.0226991,0.608889,0.791353,-0.0548984,0.942849,-0.33086,0.0395861,-0.445816,-0.863082,-0.237356,0.427105,-0.193207,-0.883319,-0.913859,0.269266,-0.303903,-0.435062,0.134663,0.890274,-0.879275,0.2689,0.393152,-0.476952,-0.854297,0.206623,-0.599561,-0.784546,0.15816,-0.200926,0.943916,-0.262015,-0.382594,-0.0835453,-0.920132,-0.0119898,0.973142,-0.229895,0.0419538,0.994354,0.0974709,0.356448,0.91106,0.20716,0.117314,0.968372,0.220212,-0.32435,-0.945286,-0.0350747,-0.337743,-0.941238,0.000230532,0.375474,-0.894567,-0.242421,-0.338168,-0.941086,-0.000252704,-0.325442,-0.0842258,0.941803,0.604106,-0.436917,0.666453,-0.13874,-0.147059,-0.979349,-0.906396,-0.0870977,0.413353,0.0200521,-0.251332,0.967693,-0.887548,-0.0364304,-0.459273,-0.92551,0.0133875,0.378486,-0.866709,0.0292612,-0.497955,0.842335,-0.499648,-0.202047,-0.336566,0.0222924,0.941396,-0.398742,-0.000257164,0.917063,0.476548,-0.366439,0.799139,0.686943,-0.179408,0.704218,0.076277,-0.866664,0.493027,-0.907836,0.302102,-0.290805,-0.67279,-0.290119,-0.680577,-0.97751,0.159723,0.137708,-0.303707,0.689498,-0.657536,0.26415,0.651159,0.711489,-0.368667,0.0815348,-0.925979,-0.345298,0.234046,-0.908841,0.521652,-0.192257,0.831214,-0.723307,0.650389,-0.231992,-0.373352,0.353602,0.857656,0.691149,-0.225191,0.686733,-0.169814,0.0493495,0.98424,0.161485,0.710573,0.684842,0.213756,-0.363037,0.906925,0.263444,-0.0801681,0.961338,-0.264755,-0.90134,0.34277,-0.797092,0.214506,0.564475,0.0813486,0.919158,0.385397,-0.322323,0.661013,-0.677621,0.0362759,-0.0846505,-0.99575,-0.444145,-0.182849,-0.877098,-0.729324,0.202109,-0.653635,-0.307734,0.0644685,-0.949286,-0.0903595,0.973262,-0.211176,-0.962456,0.271245,-0.0102056,0.734669,-0.32401,-0.596052],
    "uvs":[],
    "vertices":[1.04879,-7.68891,-6,-0.81067,11.242,-5.58485,5.29143,-7.68891,-6.60103,3.80232,14.0204,-3.96208,12.2096,-7.68891,5.98361e-07,5.29143,-7.68891,6.00936,2.75445,10.6494,5.34896,-6.23101,-6.40825,-0.165034,-3.74707,-4.36219,-4.36818,3.98193,13.1305,0.00474516,-8.22068,15.1201,2.32128,-3.79438,13.4728,-4.43646,-8.00312,11.4148,5.34214,-2.19085,11.2492,7.69627,-9.27181,11.7533,2.1721,-6.43005,11.935,-3.68649,-6.96647,14.7793,5.25829,-1.87191,12.4963,7.67273,-6.00676,13.4383,-3.64903,1.64191,14.931,0.00505665,-1.31222,-17.5769,-4.18075,5.05285,-16.2112,0.638495,1.16404,-18.4686,2.9452,-3.41641,-16.9283,3.79012,-5.52716,-16.0634,6.52484e-07,-4.37913,-16.4761,-2.9452,0.354787,-6.76207,6.00243,-4.40596,-7.2657,4.3123,-4.32615,8.33647,3.97138,-5.88645,8.7456,0.125734,-0.916704,10.7098,7.26198,4.96053,12.671,4.23426,-0.28198,12.5206,7.27919,1.60047,11.0416,6.21696,3.27176,11.418,6.62003,2.47785,12.3073,6.56596,-4.65251,11.1696,-4.24212,0.0252158,13.5659,-5.68898,-2.64032,11.8682,-5.42247,-1.46178,12.5077,-6.86016,-2.4986,13.4305,-6.2286,3.21469,16.2834,5.24743,6.01268,16.3499,4.14774,1.4997,17.1785,-6.06425,0.33671,16.9889,-5.09276,3.86379,15.2424,5.9592,0.803164,15.398,-6.97637,-0.00231814,16.115,-6.48571,1.64233,13.6473,5.64978,-0.405095,7.25357,5.67596,-3.23231,13.0493,7.42632,-4.27449,9.14325,7.42632,-0.435125,12.1841,8.1141,-0.846974,11.0091,8.10294,-1.46677,12.1683,8.36945,-1.67372,11.3591,8.38473,-7.11016,14.0839,-2.26314,-2.0622,14.5554,-4.43559,-4.28295,8.28824,-4.01351,-8.15234,10.1779,-2.26314,-6.06705,13.1807,-4.8106,-4.63145,13.2031,-5.32156,-5.18829,11.7085,-5.19545,-6.34172,12.2052,-4.83491],
    "metadata":{
        "version":3,
        "faces":80,
        "type":"Geometry",
        "materials":3,
        "generator":"io_three",
        "normals":80,
        "uvs":0,
        "vertices":64
    },
    "materials":[{
        "depthTest":true,
        "transparent":false,
        "opacity":1,
        "colorDiffuse":[0.0413885,0.217351,0.558554],
        "blending":"NormalBlending",
        "colorEmissive":[0,0,0],
        "DbgName":"skin",
        "DbgColor":15658734,
        "visible":true,
        "shading":"lambert",
        "DbgIndex":0,
        "doubleSided":false,
        "wireframe":false,
        "depthWrite":true
    },{
        "depthTest":true,
        "transparent":false,
        "opacity":1,
        "colorDiffuse":[0.673447,0.683983,0.513461],
        "blending":"NormalBlending",
        "colorEmissive":[0,0,0],
        "DbgName":"white",
        "DbgColor":15597568,
        "visible":true,
        "shading":"lambert",
        "DbgIndex":1,
        "doubleSided":false,
        "wireframe":false,
        "depthWrite":true
    },{
        "depthTest":true,
        "transparent":false,
        "opacity":1,
        "colorDiffuse":[0.0242155,0.031027,0.0439751],
        "blending":"NormalBlending",
        "colorEmissive":[0,0,0],
        "DbgName":"black",
        "DbgColor":60928,
        "visible":true,
        "shading":"lambert",
        "DbgIndex":2,
        "doubleSided":false,
        "wireframe":false,
        "depthWrite":true
    }]
}